n,a_n,b_n
0.000000000000000000e+00,1.071648069741856224e-01,0.000000000000000000e+00
1.000000000000000000e+00,2.472632401146694359e-01,0.000000000000000000e+00
2.000000000000000000e+00,4.005888992353948130e-01,-4.417437057588217853e-18
3.000000000000000000e+00,2.695028959600411778e-01,0.000000000000000000e+00
4.000000000000000000e+00,1.746468501467311474e-01,0.000000000000000000e+00
5.000000000000000000e+00,2.040583561868269946e-01,0.000000000000000000e+00
6.000000000000000000e+00,1.210650498731471875e-01,-3.533949646070574282e-17
7.000000000000000000e+00,2.701461203410369938e-02,0.000000000000000000e+00
8.000000000000000000e+00,2.201464192371828735e-03,3.533949646070574282e-17
9.000000000000000000e+00,8.727404645197214307e-05,0.000000000000000000e+00
1.000000000000000000e+01,-2.465518946869705918e-05,0.000000000000000000e+00
1.100000000000000000e+01,2.777340043443070737e-05,0.000000000000000000e+00
1.200000000000000000e+01,-2.811283376130428174e-05,0.000000000000000000e+00
1.300000000000000000e+01,2.728632721720293799e-05,-4.417437057588217853e-18
1.400000000000000000e+01,-2.588929060330913943e-05,4.417437057588217853e-18
1.500000000000000000e+01,2.427286635308265132e-05,-1.325231117276465279e-17
1.600000000000000000e+01,-2.262782724940673470e-05,-4.417437057588217853e-18
1.700000000000000000e+01,2.105176822166032952e-05,8.834874115176435705e-18
1.800000000000000000e+01,-1.959050499603261141e-05,0.000000000000000000e+00
1.900000000000000000e+01,1.826184761586919285e-05,8.834874115176435705e-18
2.000000000000000000e+01,-1.706891829009466718e-05,8.834874115176435705e-18
2.100000000000000000e+01,1.600754490724284350e-05,-8.834874115176435705e-18
2.200000000000000000e+01,-1.507034655801421412e-05,4.417437057588217853e-18
2.300000000000000000e+01,1.424897949506943565e-05,-8.834874115176435705e-18
2.400000000000000000e+01,-1.353536357029818421e-05,-2.208718528794108926e-18
2.500000000000000000e+01,1.292234972082386308e-05,0.000000000000000000e+00
2.600000000000000000e+01,-1.240409060312819533e-05,-4.417437057588217853e-18
2.700000000000000000e+01,1.197626709081030629e-05,-6.626155586382326394e-18
2.800000000000000000e+01,-1.163626376759284709e-05,2.208718528794108926e-18
2.900000000000000000e+01,1.138335560328371636e-05,6.626155586382326394e-18
3.000000000000000000e+01,-1.121895453932407821e-05,-4.417437057588217853e-18
3.100000000000000000e+01,1.114696336635074411e-05,4.417437057588217853e-18
3.200000000000000000e+01,-1.117429330423021610e-05,6.626155586382326394e-18
3.300000000000000000e+01,1.131162224902187290e-05,0.000000000000000000e+00
3.400000000000000000e+01,-1.157450696299756039e-05,-6.626155586382326394e-18
3.500000000000000000e+01,1.198502309524162721e-05,-2.208718528794108926e-18
3.600000000000000000e+01,-1.257420742912493946e-05,0.000000000000000000e+00
3.700000000000000000e+01,1.338574493931852682e-05,-1.104359264397054502e-17
3.800000000000000000e+01,-1.448162842681996682e-05,-2.208718528794108926e-18
3.900000000000000000e+01,1.595100727050572753e-05,1.104359264397054463e-18
4.000000000000000000e+01,-1.792428018754424056e-05,0.000000000000000000e+00
4.100000000000000000e+01,2.059589041172467700e-05,1.104359264397054463e-18
4.200000000000000000e+01,-2.426142265643607834e-05,1.104359264397054463e-18
4.300000000000000000e+01,2.937685538483583670e-05,-5.521796321985272508e-18
4.400000000000000000e+01,-3.664402541123418271e-05,3.313077793191163197e-18
4.500000000000000000e+01,4.740381025222979873e-05,4.969616689786744795e-18
4.600000000000000000e+01,-3.531148167111185145e-05,-2.760898160992636254e-18
4.700000000000000000e+01,9.688276432642885282e-04,-2.760898160992636254e-18
4.800000000000000000e+01,1.069150573945509830e-02,2.208718528794108926e-18
4.900000000000000000e+01,4.852234669178653870e-02,-8.834874115176435705e-18
5.000000000000000000e+01,7.965143314765325833e-02,-2.208718528794108926e-18
5.100000000000000000e+01,4.852212149225754861e-02,0.000000000000000000e+00
5.200000000000000000e+01,1.069195712043803127e-02,-8.834874115176435705e-18
5.300000000000000000e+01,9.681481066577587438e-04,0.000000000000000000e+00
5.400000000000000000e+01,-3.440080219898923868e-05,0.000000000000000000e+00
5.500000000000000000e+01,4.625795588489132895e-05,0.000000000000000000e+00
5.600000000000000000e+01,-3.525787614566030641e-05,-4.417437057588217853e-18
5.700000000000000000e+01,2.774414778932584222e-05,0.000000000000000000e+00
5.800000000000000000e+01,-2.237468111005902182e-05,2.208718528794108926e-18
5.900000000000000000e+01,1.844634374070098219e-05,-2.208718528794108926e-18
6.000000000000000000e+01,-1.550176210590685765e-05,0.000000000000000000e+00
6.100000000000000000e+01,1.324383870028705474e-05,-6.626155586382326394e-18
6.200000000000000000e+01,-1.147647939490815796e-05,4.417437057588217853e-18
6.300000000000000000e+01,1.006747331911306540e-05,0.000000000000000000e+00
6.400000000000000000e+01,-8.925671308443753406e-06,2.208718528794108926e-18
6.500000000000000000e+01,7.986863004832970271e-06,1.104359264397054463e-18
6.600000000000000000e+01,-7.204893595022534460e-06,-1.104359264397054463e-18
6.700000000000000000e+01,6.545964641688867802e-06,4.417437057588217853e-18
6.800000000000000000e+01,-5.984901793463616829e-06,0.000000000000000000e+00
6.900000000000000000e+01,5.502660967239450525e-06,0.000000000000000000e+00
7.000000000000000000e+01,-5.084629915728557369e-06,3.313077793191163197e-18
7.100000000000000000e+01,4.719450605799295602e-06,2.208718528794108926e-18
7.200000000000000000e+01,-4.398188987256499844e-06,3.313077793191163197e-18
7.300000000000000000e+01,4.113740556838011458e-06,-4.417437057588217853e-18
7.400000000000000000e+01,-3.860398607882582974e-06,-2.208718528794108926e-18
7.500000000000000000e+01,3.633536449946017218e-06,4.417437057588217853e-18
7.600000000000000000e+01,-3.429370614207031435e-06,0.000000000000000000e+00
7.700000000000000000e+01,3.244782374283885267e-06,0.000000000000000000e+00
7.800000000000000000e+01,-3.077181780282638300e-06,2.208718528794108926e-18
7.900000000000000000e+01,2.924403045979763688e-06,-2.208718528794108926e-18
8.000000000000000000e+01,-2.784623309208252945e-06,2.208718528794108926e-18
8.100000000000000000e+01,2.656298993114595441e-06,-5.521796321985272508e-18
8.200000000000000000e+01,-2.538115547998304627e-06,-2.208718528794108926e-18
8.300000000000000000e+01,2.428947455749610216e-06,0.000000000000000000e+00
8.400000000000000000e+01,-2.327826171725880277e-06,-1.104359264397054463e-18
8.500000000000000000e+01,2.233914254048359384e-06,1.104359264397054463e-18
8.600000000000000000e+01,-2.146484352354447817e-06,2.208718528794108926e-18
8.700000000000000000e+01,2.064902039684461284e-06,1.104359264397054463e-18
8.800000000000000000e+01,-1.988611703789514435e-06,0.000000000000000000e+00
8.900000000000000000e+01,1.917124890265066792e-06,4.417437057588217853e-18
9.000000000000000000e+01,-1.850010620591067061e-06,2.208718528794108926e-18
9.100000000000000000e+01,1.786887312124354097e-06,-4.417437057588217853e-18
9.200000000000000000e+01,-1.727416002822568090e-06,0.000000000000000000e+00
9.300000000000000000e+01,1.671294644595462088e-06,2.208718528794108926e-18
9.400000000000000000e+01,-1.618253277039104815e-06,1.104359264397054463e-18
9.500000000000000000e+01,1.568049928252275336e-06,-4.417437057588217853e-18
9.600000000000000000e+01,-1.520467120373647241e-06,2.208718528794108926e-18
9.700000000000000000e+01,1.475308879349956960e-06,3.313077793191163197e-18
9.800000000000000000e+01,-1.432398166857773278e-06,4.417437057588217853e-18
9.900000000000000000e+01,1.391574667686435767e-06,9.939233379573489591e-18
1.000000000000000000e+02,-1.352692876776137112e-06,-4.417437057588217853e-18
